,ok,subject
0,OK,sub-CBM00254
1,OK,sub-CBM00181
2,OK,sub-CBM00222
3,OK,sub-CBM00104
4,OK,sub-CBM00244
5,OK,sub-CBM00093
6,OK,sub-CBM00036
7,OK,sub-CBM00142
8,OK,sub-CBM00160
9,OK,sub-CBM00185
10,OK,sub-CBM00218
11,OK,sub-CBM00083
12,OK,sub-CBM00052
13,OK,sub-CBM00011
14,OK,sub-CBM00214
15,OK,sub-CBM00163
16,OK,sub-CBM00207
17,OK,sub-CBM00074
18,OK,sub-CBM00009
19,OK,sub-CBM00048
20,OK,sub-CBM00122
21,OK,sub-CBM00259
22,no event,sub-CBM00179
23,OK,sub-CBM00152
24,OK,sub-CBM00182
25,OK,sub-CBM00056
26,OK,sub-CBM00081
27,OK,sub-CBM00269
28,OK,sub-CBM00046
29,OK,sub-CBM00156
30,OK,sub-CBM00101
31,OK,sub-CBM00281
32,OK,sub-CBM00016
33,OK,sub-CBM00195
34,OK,sub-CBM00150
35,OK,sub-CBM00132
36,OK,sub-CBM00096
37,OK,sub-CBM00184
38,OK,sub-CBM00091
39,OK,sub-CBM00028
40,OK,sub-CBM00057
41,OK,sub-CBM00211
42,OK,sub-CBM00099
43,OK,sub-CBM00242
44,OK,sub-CBM00026
45,OK,sub-CBM00002
46,OK,sub-CBM00105
47,OK,sub-CBM00177
48,OK,sub-CBM00106
49,OK,sub-CBM00247
50,OK,sub-CBM00140
51,OK,sub-CBM00113
52,OK,sub-CBM00262
53,OK,sub-CBM00072
54,OK,sub-CBM00199
55,OK,sub-CBM00204
56,OK,sub-CBM00115
57,OK,sub-CBM00092
58,OK,sub-CBM00058
59,OK,sub-CBM00116
60,OK,sub-CBM00090
61,OK,sub-CBM00043
62,OK,sub-CBM00108
63,OK,sub-CBM00012
64,OK,sub-CBM00018
65,OK,sub-CBM00186
66,OK,sub-CBM00241
67,OK,sub-CBM00050
68,OK,sub-CBM00041
69,OK,sub-CBM00232
70,OK,sub-CBM00109
71,OK,sub-CBM00021
72,OK,sub-CBM00191
73,OK,sub-CBM00275
74,OK,sub-CBM00146
75,OK,sub-CBM00038
76,OK,sub-CBM00212
77,OK,sub-CBM00144
78,OK,sub-CBM00045
79,OK,sub-CBM00170
80,OK,sub-CBM00215
81,OK,sub-CBM00264
82,OK,sub-CBM00006
83,OK,sub-CBM00274
84,OK,sub-CBM00235
85,OK,sub-CBM00226
86,OK,sub-CBM00128
87,OK,sub-CBM00086
88,OK,sub-CBM00148
89,OK,sub-CBM00071
90,OK,sub-CBM00219
91,OK,sub-CBM00042
92,OK,sub-CBM00139
93,OK,sub-CBM00224
94,OK,sub-CBM00234
95,OK,sub-CBM00209
96,OK,sub-CBM00208
97,OK,sub-CBM00130
98,OK,sub-CBM00001
99,OK,sub-CBM00261
100,OK,sub-CBM00137
101,OK,sub-CBM00164
102,OK,sub-CBM00196
103,OK,sub-CBM00229
104,OK,sub-CBM00166
105,OK,sub-CBM00055
106,OK,sub-CBM00278
107,OK,sub-CBM00080
108,OK,sub-CBM00049
109,OK,sub-CBM00190
110,OK,sub-CBM00053
111,OK,sub-CBM00020
112,OK,sub-CBM00051
113,OK,sub-CBM00068
114,OK,sub-CBM00129
115,OK,sub-CBM00054
116,OK,sub-CBM00134
117,OK,sub-CBM00273
118,OK,sub-CBM00155
119,OK,sub-CBM00233
120,OK,sub-CBM00236
121,OK,sub-CBM00231
122,OK,sub-CBM00133
123,OK,sub-CBM00230
124,OK,sub-CBM00062
125,OK,sub-CBM00248
126,OK,sub-CBM00253
127,OK,sub-CBM00030
128,OK,sub-CBM00119
129,OK,sub-CBM00034
130,OK,sub-CBM00266
131,OK,sub-CBM00270
132,OK,sub-CBM00205
133,OK,sub-CBM00268
134,OK,sub-CBM00167
135,OK,sub-CBM00126
136,OK,sub-CBM00279
137,OK,sub-CBM00120
138,OK,sub-CBM00217
139,OK,sub-CBM00125
140,OK,sub-CBM00238
141,OK,sub-CBM00206
142,OK,sub-CBM00037
143,OK,sub-CBM00013
144,OK,sub-CBM00123
145,OK,sub-CBM00201
146,OK,sub-CBM00078
147,OK,sub-CBM00245
148,OK,sub-CBM00265
149,OK,sub-CBM00282
150,OK,sub-CBM00223
151,OK,sub-CBM00060
152,OK,sub-CBM00138
153,OK,sub-CBM00031
154,OK,sub-CBM00256
155,OK,sub-CBM00061
156,OK,sub-CBM00114
157,OK,sub-CBM00004
158,OK,sub-CBM00127
159,OK,sub-CBM00202
160,OK,sub-CBM00094
161,OK,sub-CBM00157
162,OK,sub-CBM00117
163,OK,sub-CBM00102
164,OK,sub-CBM00088
165,OK,sub-CBM00249
166,OK,sub-CBM00110
167,OK,sub-CBM00079
168,OK,sub-CBM00044
169,OK,sub-CBM00024
170,OK,sub-CBM00069
171,OK,sub-CBM00203
172,OK,sub-CBM00250
173,OK,sub-CBM00197
174,OK,sub-CBM00025
175,OK,sub-CBM00257
176,OK,sub-CBM00158
177,OK,sub-CBM00260
178,OK,sub-CBM00173
179,OK,sub-CBM00010
180,OK,sub-CBM00035
181,OK,sub-CBM00169
182,OK,sub-CBM00246
183,OK,sub-CBM00118
184,OK,sub-CBM00121
185,OK,sub-CBM00047
186,OK,sub-CBM00032
187,OK,sub-CBM00272
188,OK,sub-CBM00171
189,OK,sub-CBM00284
190,OK,sub-CBM00135
191,OK,sub-CBM00239
192,OK,sub-CBM00064
193,OK,sub-CBM00280
194,OK,sub-CBM00008
195,OK,sub-CBM00087
196,OK,sub-CBM00029
197,OK,sub-CBM00168
198,OK,sub-CBM00017
199,OK,sub-CBM00066
200,OK,sub-CBM00161
201,OK,sub-CBM00194
202,OK,sub-CBM00193
203,OK,sub-CBM00175
204,OK,sub-CBM00100
205,OK,sub-CBM00276
206,OK,sub-CBM00022
207,OK,sub-CBM00084
208,OK,sub-CBM00277
209,OK,sub-CBM00154
210,OK,sub-CBM00141
211,OK,sub-CBM00112
212,OK,sub-CBM00258
213,OK,sub-CBM00183
214,OK,sub-CBM00153
215,OK,sub-CBM00198
216,OK,sub-CBM00172
217,OK,sub-CBM00271
218,OK,sub-CBM00283
219,OK,sub-CBM00147
220,OK,sub-CBM00174
221,OK,sub-CBM00267
222,OK,sub-CBM00124
223,OK,sub-CBM00136
224,OK,sub-CBM00240
225,OK,sub-CBM00070
226,OK,sub-CBM00003
227,OK,sub-CBM00200
228,OK,sub-CBM00073
229,OK,sub-CBM00159
230,OK,sub-CBM00107
231,OK,sub-CBM00014
232,OK,sub-CBM00221
233,OK,sub-CBM00151
234,OK,sub-CBM00075
235,OK,sub-CBM00210
236,OK,sub-CBM00145
237,OK,sub-CBM00216
238,OK,sub-CBM00019
239,OK,sub-CBM00023
240,OK,sub-CBM00178
241,OK,sub-CBM00085
242,OK,sub-CBM00015
243,OK,sub-CBM00131
244,OK,sub-CBM00065
245,OK,sub-CBM00192
246,OK,sub-CBM00111
247,OK,sub-CBM00103
248,OK,sub-CBM00076
249,OK,sub-CBM00228
250,no file,sub-CBM00027
251,no file,sub-CBM00180
252,no file,sub-CBM00220
253,no file,sub-CBM00189
254,no file,sub-CBM00255
255,no file,sub-CBM00227
256,no file,sub-CBM00007
257,no file,sub-CBM00162
258,no file,sub-CBM00237
259,no file,sub-CBM00149
260,no file,sub-CBM00213
261,no file,sub-CBM00263
262,no file,sub-CBM00187
263,no file,sub-CBM00063
264,no file,sub-CBM00082
265,no file,sub-CBM00077
266,no file,sub-CBM00285
267,no file,sub-CBM00165
268,no file,sub-CBM00040
269,no file,sub-CBM00067
270,no file,sub-CBM00225
271,no file,sub-CBM00252
272,no file,sub-CBM00176
273,no file,sub-CBM00033
274,no file,sub-CBM00005
275,no file,sub-CBM00059
276,no file,sub-CBM00098
277,no file,sub-CBM00089
278,no file,sub-CBM00097
279,no file,sub-CBM00095
280,no file,sub-CBM00188
281,no file,sub-CBM00243
